"DefFile","Proc","RefFile","Scope","Kind"
"002_Служебка для всех рандомов.txt","RC_NormalizeSeed","055_10. РО по вводу доходов_3_рандом выборка.txt","Public","Function"
"002_Служебка для всех рандомов.txt","RC_NormalizeSeed","062_11. РО рандомные_3_рандом выборка.txt","Public","Function"
"002_Служебка для всех рандомов.txt","RC_PM_Next01","055_10. РО по вводу доходов_3_рандом выборка.txt","Public","Function"
"002_Служебка для всех рандомов.txt","RC_PM_Next01","062_11. РО рандомные_3_рандом выборка.txt","Public","Function"
"002_Служебка для всех рандомов.txt","RC_ShuffleFY","055_10. РО по вводу доходов_3_рандом выборка.txt","Public","Sub"
"002_Служебка для всех рандомов.txt","RC_ShuffleFY","062_11. РО рандомные_3_рандом выборка.txt","Public","Sub"
"002_Служебка для всех рандомов.txt","RC_RandPick","055_10. РО по вводу доходов_3_рандом выборка.txt","Public","Function"
"002_Служебка для всех рандомов.txt","RC_RandPick","062_11. РО рандомные_3_рандом выборка.txt","Public","Function"
"002_Служебка для всех рандомов.txt","RC_RandPermN","055_10. РО по вводу доходов_3_рандом выборка.txt","Public","Function"
"002_Служебка для всех рандомов.txt","RC_RandPermN","062_11. РО рандомные_3_рандом выборка.txt","Public","Function"
"004_Обработка ЖП_1.txt","Обработать_Все_ЖП_Ч_БезФильтров","015_Мастер проводки к исключению.txt","Public","Sub"
"004_Обработка ЖП_1.txt","Обработать_Все_ЖП_Ч_БезФильтров","analysis_master_sequences.txt","Public","Sub"
"005_Обработка ЖП_2.txt","Проставить_Меппинг_Во_Всех_Журналах","015_Мастер проводки к исключению.txt","Public","Sub"
"005_Обработка ЖП_2.txt","Проставить_Меппинг_Во_Всех_Журналах","analysis_master_sequences.txt","Public","Sub"
"006_Обработка ЖП_3.txt","Установить_Ширины_ЖП","015_Мастер проводки к исключению.txt","Public","Sub"
"006_Обработка ЖП_3.txt","Установить_Ширины_ЖП","analysis_master_sequences.txt","Public","Sub"
"007_Проводки к исключению_1.txt","Заполнить_Проводки_К_Исключению","015_Мастер проводки к исключению.txt","Public","Sub"
"007_Проводки к исключению_1.txt","Заполнить_Проводки_К_Исключению","analysis_master_sequences.txt","Public","Sub"
"010_Меппинг допустимый.txt","CanonMapKeyCommon","008_Триггер на изменение меппинга.txt","Public","Function"
"010_Меппинг допустимый.txt","CanonMapKeyCommon","011_Синхронизатор меппинга.txt","Public","Function"
"010_Меппинг допустимый.txt","MapToReason","008_Триггер на изменение меппинга.txt","Public","Function"
"010_Меппинг допустимый.txt","AllowedMappings","008_Триггер на изменение меппинга.txt","Public","Function"
"010_Меппинг допустимый.txt","AllowedMappings","011_Синхронизатор меппинга.txt","Public","Function"
"011_Синхронизатор меппинга.txt","SyncMappingChange_One","008_Триггер на изменение меппинга.txt","Public","Sub"
"011_Синхронизатор меппинга.txt","ApplyMappingValidationOnExclusions","015_Мастер проводки к исключению.txt","Public","Sub"
"011_Синхронизатор меппинга.txt","ApplyMappingValidationOnExclusions","analysis_master_sequences.txt","Public","Sub"
"012_Вставить формулы анализ к исключению.txt","Вставить_Формулы_Итогов","015_Мастер проводки к исключению.txt","Public","Sub"
"012_Вставить формулы анализ к исключению.txt","Вставить_Формулы_Итогов","analysis_master_sequences.txt","Public","Sub"
"013_Сформировать популяцию для тестирования.txt","Сформировать_Популяцию_Для_Тестирования","015_Мастер проводки к исключению.txt","Public","Sub"
"013_Сформировать популяцию для тестирования.txt","Сформировать_Популяцию_Для_Тестирования","analysis_master_sequences.txt","Public","Sub"
"014_Притянуть ответственных.txt","Популяция_Проставить_Ответственных","015_Мастер проводки к исключению.txt","Public","Sub"
"014_Притянуть ответственных.txt","Популяция_Проставить_Ответственных","analysis_master_sequences.txt","Public","Sub"
"017_Свод по суммам.txt","Заполнить_Своды_Сумм","020_Мастер своды.txt","Public","Sub"
"017_Свод по суммам.txt","Заполнить_Своды_Сумм","analysis_master_sequences.txt","Public","Sub"
"018_Свод по дате.txt","Заполнить_Свод_По_Дате","020_Мастер своды.txt","Public","Sub"
"018_Свод по дате.txt","Заполнить_Свод_По_Дате","analysis_master_sequences.txt","Public","Sub"
"019_Свод по ответственным.txt","Заполнить_Свод_По_Ответственному","015_Мастер проводки к исключению.txt","Public","Sub"
"019_Свод по ответственным.txt","Заполнить_Свод_По_Ответственному","020_Мастер своды.txt","Public","Sub"
"019_Свод по ответственным.txt","Заполнить_Свод_По_Ответственному","026_6. По идентификатору.txt","Public","Sub"
"019_Свод по ответственным.txt","Заполнить_Свод_По_Ответственному","analysis_master_sequences.txt","Public","Sub"
"021_4. Операции без содержания_1_популяция.txt","Заполнить_Операции_Без_Содержания","024_4. Операции без содержания_0_мастер.txt","Public","Sub"
"021_4. Операции без содержания_1_популяция.txt","Заполнить_Операции_Без_Содержания","analysis_master_sequences.txt","Public","Sub"
"022_4. Операции без содержания_2_к_запросу.txt","OBS_К_Запросу","024_4. Операции без содержания_0_мастер.txt","Public","Sub"
"022_4. Операции без содержания_2_к_запросу.txt","OBS_К_Запросу","analysis_master_sequences.txt","Public","Sub"
"023_4. Операции без содержания_3_синхрон.txt","Отметить_ОБС_К_Запросу","024_4. Операции без содержания_0_мастер.txt","Public","Sub"
"023_4. Операции без содержания_3_синхрон.txt","Отметить_ОБС_К_Запросу","069_12. Ключевые слова_3_синхрон.txt","Public","Sub"
"023_4. Операции без содержания_3_синхрон.txt","Отметить_ОБС_К_Запросу","analysis_master_sequences.txt","Public","Sub"
"025_5. Необычная активность.txt","Заполнить_Топ_Активность","027_Мастер 5-6.txt","Public","Sub"
"025_5. Необычная активность.txt","Заполнить_Топ_Активность","analysis_master_sequences.txt","Public","Sub"
"026_6. По идентификатору.txt","Заполнить_лист_по_идентификатору","027_Мастер 5-6.txt","Public","Sub"
"026_6. По идентификатору.txt","Заполнить_лист_по_идентификатору","analysis_master_sequences.txt","Public","Sub"
"028_7. Праздничные дни_1_свод.txt","Заполнить_Свод_Праздники","036_7. Праздничные дни_МАСТЕР.txt","Public","Sub"
"028_7. Праздничные дни_1_свод.txt","Заполнить_Свод_Праздники","037_7. Праздничные дни_МАСТЕР рандом.txt","Public","Sub"
"028_7. Праздничные дни_1_свод.txt","Заполнить_Свод_Праздники","038_7. Праздничные дни_МАСТЕР свод.txt","Public","Sub"
"028_7. Праздничные дни_1_свод.txt","Заполнить_Свод_Праздники","analysis_master_sequences.txt","Public","Sub"
"029_7. Праздничные дни_2_популяция.txt","Сформировать_Популяцию_Праздники","036_7. Праздничные дни_МАСТЕР.txt","Public","Sub"
"029_7. Праздничные дни_2_популяция.txt","Сформировать_Популяцию_Праздники","037_7. Праздничные дни_МАСТЕР рандом.txt","Public","Sub"
"029_7. Праздничные дни_2_популяция.txt","Сформировать_Популяцию_Праздники","038_7. Праздничные дни_МАСТЕР свод.txt","Public","Sub"
"029_7. Праздничные дни_2_популяция.txt","Сформировать_Популяцию_Праздники","analysis_master_sequences.txt","Public","Sub"
"030_7. Праздничные дни_2_2_допник_регистр.txt","Заполнить_Свод_Праздники_Регистр","038_7. Праздничные дни_МАСТЕР свод.txt","Public","Sub"
"030_7. Праздничные дни_2_2_допник_регистр.txt","Заполнить_Свод_Праздники_Регистр","analysis_master_sequences.txt","Public","Sub"
"031_7. Праздничные дни_3_фильтр_3л.txt","Копировать_Проводки_в_3л","041_8. Нетипичные корреспонденции_3_фильтр_3л.txt","Public","Sub"
"031_7. Праздничные дни_3_фильтр_3л.txt","Копировать_Проводки_в_3л","054_10. РО по вводу доходов_2_фильтр_3л.txt","Public","Sub"
"031_7. Праздничные дни_3_фильтр_3л.txt","Копировать_Проводки_в_3л","061_11. РО рандомные_2_фильтр_3л.txt","Public","Sub"
"032_7. Праздничные дни_4_рандом выборка.txt","Рандом_выборка_праздники","036_7. Праздничные дни_МАСТЕР.txt","Public","Sub"
"032_7. Праздничные дни_4_рандом выборка.txt","Рандом_выборка_праздники","037_7. Праздничные дни_МАСТЕР рандом.txt","Public","Sub"
"032_7. Праздничные дни_4_рандом выборка.txt","Рандом_выборка_праздники","042_8. Нетипичные корреспонденции_4_рандом выборка.txt","Public","Sub"
"032_7. Праздничные дни_4_рандом выборка.txt","Рандом_выборка_праздники","analysis_master_sequences.txt","Public","Sub"
"032_7. Праздничные дни_4_рандом выборка.txt","Рандом_выборка_3л","042_8. Нетипичные корреспонденции_4_рандом выборка.txt","Public","Sub"
"033_7. Праздничные дни_5_вставить на лист.txt","Вставить_на_лист_праздники","036_7. Праздничные дни_МАСТЕР.txt","Public","Sub"
"033_7. Праздничные дни_5_вставить на лист.txt","Вставить_на_лист_праздники","037_7. Праздничные дни_МАСТЕР рандом.txt","Public","Sub"
"033_7. Праздничные дни_5_вставить на лист.txt","Вставить_на_лист_праздники","analysis_master_sequences.txt","Public","Sub"
"035_7. Праздничные дни_6_синхрон_с_популяцией.txt","Отметить_HOL_К_Запросу","036_7. Праздничные дни_МАСТЕР.txt","Public","Sub"
"035_7. Праздничные дни_6_синхрон_с_популяцией.txt","Отметить_HOL_К_Запросу","037_7. Праздничные дни_МАСТЕР рандом.txt","Public","Sub"
"035_7. Праздничные дни_6_синхрон_с_популяцией.txt","Отметить_HOL_К_Запросу","047_8. Нетипичные корреспонденции_6_синхрон_с_популяцией.txt","Public","Sub"
"035_7. Праздничные дни_6_синхрон_с_популяцией.txt","Отметить_HOL_К_Запросу","058_10. РО по вводу доходов_5_синхрон_с_популяцией.txt","Public","Sub"
"035_7. Праздничные дни_6_синхрон_с_популяцией.txt","Отметить_HOL_К_Запросу","065_11. РО рандомные_5_синхрон_с_популяцией.txt","Public","Sub"
"035_7. Праздничные дни_6_синхрон_с_популяцией.txt","Отметить_HOL_К_Запросу","analysis_master_sequences.txt","Public","Sub"
"040_8. Нетипичные корреспонденции_2_популяция.txt","Собрать_Нетипичные_Популяция","045_8. Нетипичные корреспонденции_МАСТЕР.txt","Public","Sub"
"040_8. Нетипичные корреспонденции_2_популяция.txt","Собрать_Нетипичные_Популяция","046_8. Нетипичные корреспонденции_МАСТЕР рандом.txt","Public","Sub"
"040_8. Нетипичные корреспонденции_2_популяция.txt","Собрать_Нетипичные_Популяция","analysis_master_sequences.txt","Public","Sub"
"041_8. Нетипичные корреспонденции_3_фильтр_3л.txt","Копировать_нетипчные_проводки_в_3л","042_8. Нетипичные корреспонденции_4_рандом выборка.txt","Public","Sub"
"041_8. Нетипичные корреспонденции_3_фильтр_3л.txt","Копировать_нетипчные_проводки_в_3л","045_8. Нетипичные корреспонденции_МАСТЕР.txt","Public","Sub"
"041_8. Нетипичные корреспонденции_3_фильтр_3л.txt","Копировать_нетипчные_проводки_в_3л","046_8. Нетипичные корреспонденции_МАСТЕР рандом.txt","Public","Sub"
"041_8. Нетипичные корреспонденции_3_фильтр_3л.txt","Копировать_нетипчные_проводки_в_3л","analysis_master_sequences.txt","Public","Sub"
"042_8. Нетипичные корреспонденции_4_рандом выборка.txt","Рандом_выборка_нетипичные","044_8. Нетипичные корреспонденции_триггер_на_настройки.txt","Public","Sub"
"042_8. Нетипичные корреспонденции_4_рандом выборка.txt","Рандом_выборка_нетипичные","045_8. Нетипичные корреспонденции_МАСТЕР.txt","Public","Sub"
"042_8. Нетипичные корреспонденции_4_рандом выборка.txt","Рандом_выборка_нетипичные","046_8. Нетипичные корреспонденции_МАСТЕР рандом.txt","Public","Sub"
"042_8. Нетипичные корреспонденции_4_рандом выборка.txt","Рандом_выборка_нетипичные","analysis_master_sequences.txt","Public","Sub"
"043_8. Нетипичные корреспонденции_5_вставить на лист.txt","Вставить_на_лист_нетипичные","042_8. Нетипичные корреспонденции_4_рандом выборка.txt","Public","Sub"
"043_8. Нетипичные корреспонденции_5_вставить на лист.txt","Вставить_на_лист_нетипичные","045_8. Нетипичные корреспонденции_МАСТЕР.txt","Public","Sub"
"043_8. Нетипичные корреспонденции_5_вставить на лист.txt","Вставить_на_лист_нетипичные","046_8. Нетипичные корреспонденции_МАСТЕР рандом.txt","Public","Sub"
"043_8. Нетипичные корреспонденции_5_вставить на лист.txt","Вставить_на_лист_нетипичные","analysis_master_sequences.txt","Public","Sub"
"047_8. Нетипичные корреспонденции_6_синхрон_с_популяцией.txt","Отметить_нетипичные_К_Запросу","043_8. Нетипичные корреспонденции_5_вставить на лист.txt","Public","Sub"
"047_8. Нетипичные корреспонденции_6_синхрон_с_популяцией.txt","Отметить_нетипичные_К_Запросу","045_8. Нетипичные корреспонденции_МАСТЕР.txt","Public","Sub"
"047_8. Нетипичные корреспонденции_6_синхрон_с_популяцией.txt","Отметить_нетипичные_К_Запросу","046_8. Нетипичные корреспонденции_МАСТЕР рандом.txt","Public","Sub"
"047_8. Нетипичные корреспонденции_6_синхрон_с_популяцией.txt","Отметить_нетипичные_К_Запросу","analysis_master_sequences.txt","Public","Sub"
"048_9. Ручные со связ. ст_1_популяция.txt","Заполнить_Ручные_Со_Связанными_Сторонами","051_9. Ручные со связ. ст_МАСТЕР.txt","Public","Sub"
"048_9. Ручные со связ. ст_1_популяция.txt","Заполнить_Ручные_Со_Связанными_Сторонами","052_9. Ручные со связ. ст_МАСТЕР_синхрон.txt","Public","Sub"
"048_9. Ручные со связ. ст_1_популяция.txt","Заполнить_Ручные_Со_Связанными_Сторонами","analysis_master_sequences.txt","Public","Sub"
"049_9. Ручные со связ. ст_2_к_запросу.txt","К_запросу_ручные_ВГО","051_9. Ручные со связ. ст_МАСТЕР.txt","Public","Sub"
"049_9. Ручные со связ. ст_2_к_запросу.txt","К_запросу_ручные_ВГО","052_9. Ручные со связ. ст_МАСТЕР_синхрон.txt","Public","Sub"
"049_9. Ручные со связ. ст_2_к_запросу.txt","К_запросу_ручные_ВГО","analysis_master_sequences.txt","Public","Sub"
"050_9. Ручные со связ. ст_3_синхрон_с_популяцией.txt","Отметить_ручные_ВГО_к_Запросу","051_9. Ручные со связ. ст_МАСТЕР.txt","Public","Sub"
"050_9. Ручные со связ. ст_3_синхрон_с_популяцией.txt","Отметить_ручные_ВГО_к_Запросу","052_9. Ручные со связ. ст_МАСТЕР_синхрон.txt","Public","Sub"
"050_9. Ручные со связ. ст_3_синхрон_с_популяцией.txt","Отметить_ручные_ВГО_к_Запросу","analysis_master_sequences.txt","Public","Sub"
"053_10. РО по вводу доходов_1_популяция.txt","Заполнить_РО_по_вводу_доходов_популяция","024_4. Операции без содержания_0_мастер.txt","Public","Sub"
"053_10. РО по вводу доходов_1_популяция.txt","Заполнить_РО_по_вводу_доходов_популяция","027_Мастер 5-6.txt","Public","Sub"
"053_10. РО по вводу доходов_1_популяция.txt","Заполнить_РО_по_вводу_доходов_популяция","036_7. Праздничные дни_МАСТЕР.txt","Public","Sub"
"053_10. РО по вводу доходов_1_популяция.txt","Заполнить_РО_по_вводу_доходов_популяция","037_7. Праздничные дни_МАСТЕР рандом.txt","Public","Sub"
"053_10. РО по вводу доходов_1_популяция.txt","Заполнить_РО_по_вводу_доходов_популяция","038_7. Праздничные дни_МАСТЕР свод.txt","Public","Sub"
"053_10. РО по вводу доходов_1_популяция.txt","Заполнить_РО_по_вводу_доходов_популяция","045_8. Нетипичные корреспонденции_МАСТЕР.txt","Public","Sub"
"053_10. РО по вводу доходов_1_популяция.txt","Заполнить_РО_по_вводу_доходов_популяция","046_8. Нетипичные корреспонденции_МАСТЕР рандом.txt","Public","Sub"
"053_10. РО по вводу доходов_1_популяция.txt","Заполнить_РО_по_вводу_доходов_популяция","051_9. Ручные со связ. ст_МАСТЕР.txt","Public","Sub"
"053_10. РО по вводу доходов_1_популяция.txt","Заполнить_РО_по_вводу_доходов_популяция","052_9. Ручные со связ. ст_МАСТЕР_синхрон.txt","Public","Sub"
"053_10. РО по вводу доходов_1_популяция.txt","Заполнить_РО_по_вводу_доходов_популяция","059_10. РО по вводу доходов_МАСТЕР.txt","Public","Sub"
"053_10. РО по вводу доходов_1_популяция.txt","Заполнить_РО_по_вводу_доходов_популяция","066_11. РО рандомные_МАСТЕР.txt","Public","Sub"
"053_10. РО по вводу доходов_1_популяция.txt","Заполнить_РО_по_вводу_доходов_популяция","074_13. ПОДФТ_0_МАСТЕР.txt","Public","Sub"
"053_10. РО по вводу доходов_1_популяция.txt","Заполнить_РО_по_вводу_доходов_популяция","analysis_master_sequences.txt","Public","Sub"
"054_10. РО по вводу доходов_2_фильтр_3л.txt","Копировать_РО_по_вводу_доходов_в_3л","024_4. Операции без содержания_0_мастер.txt","Public","Sub"
"054_10. РО по вводу доходов_2_фильтр_3л.txt","Копировать_РО_по_вводу_доходов_в_3л","027_Мастер 5-6.txt","Public","Sub"
"054_10. РО по вводу доходов_2_фильтр_3л.txt","Копировать_РО_по_вводу_доходов_в_3л","036_7. Праздничные дни_МАСТЕР.txt","Public","Sub"
"054_10. РО по вводу доходов_2_фильтр_3л.txt","Копировать_РО_по_вводу_доходов_в_3л","037_7. Праздничные дни_МАСТЕР рандом.txt","Public","Sub"
"054_10. РО по вводу доходов_2_фильтр_3л.txt","Копировать_РО_по_вводу_доходов_в_3л","038_7. Праздничные дни_МАСТЕР свод.txt","Public","Sub"
"054_10. РО по вводу доходов_2_фильтр_3л.txt","Копировать_РО_по_вводу_доходов_в_3л","045_8. Нетипичные корреспонденции_МАСТЕР.txt","Public","Sub"
"054_10. РО по вводу доходов_2_фильтр_3л.txt","Копировать_РО_по_вводу_доходов_в_3л","046_8. Нетипичные корреспонденции_МАСТЕР рандом.txt","Public","Sub"
"054_10. РО по вводу доходов_2_фильтр_3л.txt","Копировать_РО_по_вводу_доходов_в_3л","051_9. Ручные со связ. ст_МАСТЕР.txt","Public","Sub"
"054_10. РО по вводу доходов_2_фильтр_3л.txt","Копировать_РО_по_вводу_доходов_в_3л","052_9. Ручные со связ. ст_МАСТЕР_синхрон.txt","Public","Sub"
"054_10. РО по вводу доходов_2_фильтр_3л.txt","Копировать_РО_по_вводу_доходов_в_3л","059_10. РО по вводу доходов_МАСТЕР.txt","Public","Sub"
"054_10. РО по вводу доходов_2_фильтр_3л.txt","Копировать_РО_по_вводу_доходов_в_3л","066_11. РО рандомные_МАСТЕР.txt","Public","Sub"
"054_10. РО по вводу доходов_2_фильтр_3л.txt","Копировать_РО_по_вводу_доходов_в_3л","074_13. ПОДФТ_0_МАСТЕР.txt","Public","Sub"
"054_10. РО по вводу доходов_2_фильтр_3л.txt","Копировать_РО_по_вводу_доходов_в_3л","analysis_master_sequences.txt","Public","Sub"
"055_10. РО по вводу доходов_3_рандом выборка.txt","Рандом_выборка_РО_по_вводу_доходов","024_4. Операции без содержания_0_мастер.txt","Public","Sub"
"055_10. РО по вводу доходов_3_рандом выборка.txt","Рандом_выборка_РО_по_вводу_доходов","027_Мастер 5-6.txt","Public","Sub"
"055_10. РО по вводу доходов_3_рандом выборка.txt","Рандом_выборка_РО_по_вводу_доходов","036_7. Праздничные дни_МАСТЕР.txt","Public","Sub"
"055_10. РО по вводу доходов_3_рандом выборка.txt","Рандом_выборка_РО_по_вводу_доходов","037_7. Праздничные дни_МАСТЕР рандом.txt","Public","Sub"
"055_10. РО по вводу доходов_3_рандом выборка.txt","Рандом_выборка_РО_по_вводу_доходов","038_7. Праздничные дни_МАСТЕР свод.txt","Public","Sub"
"055_10. РО по вводу доходов_3_рандом выборка.txt","Рандом_выборка_РО_по_вводу_доходов","045_8. Нетипичные корреспонденции_МАСТЕР.txt","Public","Sub"
"055_10. РО по вводу доходов_3_рандом выборка.txt","Рандом_выборка_РО_по_вводу_доходов","046_8. Нетипичные корреспонденции_МАСТЕР рандом.txt","Public","Sub"
"055_10. РО по вводу доходов_3_рандом выборка.txt","Рандом_выборка_РО_по_вводу_доходов","051_9. Ручные со связ. ст_МАСТЕР.txt","Public","Sub"
"055_10. РО по вводу доходов_3_рандом выборка.txt","Рандом_выборка_РО_по_вводу_доходов","052_9. Ручные со связ. ст_МАСТЕР_синхрон.txt","Public","Sub"
"055_10. РО по вводу доходов_3_рандом выборка.txt","Рандом_выборка_РО_по_вводу_доходов","059_10. РО по вводу доходов_МАСТЕР.txt","Public","Sub"
"055_10. РО по вводу доходов_3_рандом выборка.txt","Рандом_выборка_РО_по_вводу_доходов","062_11. РО рандомные_3_рандом выборка.txt","Public","Sub"
"055_10. РО по вводу доходов_3_рандом выборка.txt","Рандом_выборка_РО_по_вводу_доходов","066_11. РО рандомные_МАСТЕР.txt","Public","Sub"
"055_10. РО по вводу доходов_3_рандом выборка.txt","Рандом_выборка_РО_по_вводу_доходов","074_13. ПОДФТ_0_МАСТЕР.txt","Public","Sub"
"055_10. РО по вводу доходов_3_рандом выборка.txt","Рандом_выборка_РО_по_вводу_доходов","analysis_master_sequences.txt","Public","Sub"
"056_10. РО по вводу доходов_4_вставить_на_лист.txt","Вставить_на_лист_РО_по_вводу","024_4. Операции без содержания_0_мастер.txt","Public","Sub"
"056_10. РО по вводу доходов_4_вставить_на_лист.txt","Вставить_на_лист_РО_по_вводу","027_Мастер 5-6.txt","Public","Sub"
"056_10. РО по вводу доходов_4_вставить_на_лист.txt","Вставить_на_лист_РО_по_вводу","036_7. Праздничные дни_МАСТЕР.txt","Public","Sub"
"056_10. РО по вводу доходов_4_вставить_на_лист.txt","Вставить_на_лист_РО_по_вводу","037_7. Праздничные дни_МАСТЕР рандом.txt","Public","Sub"
"056_10. РО по вводу доходов_4_вставить_на_лист.txt","Вставить_на_лист_РО_по_вводу","038_7. Праздничные дни_МАСТЕР свод.txt","Public","Sub"
"056_10. РО по вводу доходов_4_вставить_на_лист.txt","Вставить_на_лист_РО_по_вводу","045_8. Нетипичные корреспонденции_МАСТЕР.txt","Public","Sub"
"056_10. РО по вводу доходов_4_вставить_на_лист.txt","Вставить_на_лист_РО_по_вводу","046_8. Нетипичные корреспонденции_МАСТЕР рандом.txt","Public","Sub"
"056_10. РО по вводу доходов_4_вставить_на_лист.txt","Вставить_на_лист_РО_по_вводу","051_9. Ручные со связ. ст_МАСТЕР.txt","Public","Sub"
"056_10. РО по вводу доходов_4_вставить_на_лист.txt","Вставить_на_лист_РО_по_вводу","052_9. Ручные со связ. ст_МАСТЕР_синхрон.txt","Public","Sub"
"056_10. РО по вводу доходов_4_вставить_на_лист.txt","Вставить_на_лист_РО_по_вводу","059_10. РО по вводу доходов_МАСТЕР.txt","Public","Sub"
"056_10. РО по вводу доходов_4_вставить_на_лист.txt","Вставить_на_лист_РО_по_вводу","066_11. РО рандомные_МАСТЕР.txt","Public","Sub"
"056_10. РО по вводу доходов_4_вставить_на_лист.txt","Вставить_на_лист_РО_по_вводу","074_13. ПОДФТ_0_МАСТЕР.txt","Public","Sub"
"056_10. РО по вводу доходов_4_вставить_на_лист.txt","Вставить_на_лист_РО_по_вводу","analysis_master_sequences.txt","Public","Sub"
"058_10. РО по вводу доходов_5_синхрон_с_популяцией.txt","Отметить_РО_по_вводу_К_Запросу","024_4. Операции без содержания_0_мастер.txt","Public","Sub"
"058_10. РО по вводу доходов_5_синхрон_с_популяцией.txt","Отметить_РО_по_вводу_К_Запросу","027_Мастер 5-6.txt","Public","Sub"
"058_10. РО по вводу доходов_5_синхрон_с_популяцией.txt","Отметить_РО_по_вводу_К_Запросу","036_7. Праздничные дни_МАСТЕР.txt","Public","Sub"
"058_10. РО по вводу доходов_5_синхрон_с_популяцией.txt","Отметить_РО_по_вводу_К_Запросу","037_7. Праздничные дни_МАСТЕР рандом.txt","Public","Sub"
"058_10. РО по вводу доходов_5_синхрон_с_популяцией.txt","Отметить_РО_по_вводу_К_Запросу","038_7. Праздничные дни_МАСТЕР свод.txt","Public","Sub"
"058_10. РО по вводу доходов_5_синхрон_с_популяцией.txt","Отметить_РО_по_вводу_К_Запросу","045_8. Нетипичные корреспонденции_МАСТЕР.txt","Public","Sub"
"058_10. РО по вводу доходов_5_синхрон_с_популяцией.txt","Отметить_РО_по_вводу_К_Запросу","046_8. Нетипичные корреспонденции_МАСТЕР рандом.txt","Public","Sub"
"058_10. РО по вводу доходов_5_синхрон_с_популяцией.txt","Отметить_РО_по_вводу_К_Запросу","051_9. Ручные со связ. ст_МАСТЕР.txt","Public","Sub"
"058_10. РО по вводу доходов_5_синхрон_с_популяцией.txt","Отметить_РО_по_вводу_К_Запросу","052_9. Ручные со связ. ст_МАСТЕР_синхрон.txt","Public","Sub"
"058_10. РО по вводу доходов_5_синхрон_с_популяцией.txt","Отметить_РО_по_вводу_К_Запросу","059_10. РО по вводу доходов_МАСТЕР.txt","Public","Sub"
"058_10. РО по вводу доходов_5_синхрон_с_популяцией.txt","Отметить_РО_по_вводу_К_Запросу","066_11. РО рандомные_МАСТЕР.txt","Public","Sub"
"058_10. РО по вводу доходов_5_синхрон_с_популяцией.txt","Отметить_РО_по_вводу_К_Запросу","074_13. ПОДФТ_0_МАСТЕР.txt","Public","Sub"
"058_10. РО по вводу доходов_5_синхрон_с_популяцией.txt","Отметить_РО_по_вводу_К_Запросу","analysis_master_sequences.txt","Public","Sub"
"059_10. РО по вводу доходов_МАСТЕР.txt","Мастер_РО_по_вводу_доходов","057_10. РО по вводу доходов_триггер_на_настройки.txt","Public","Sub"
"060_11. РО рандомные_1_популяция.txt","Заполнить_РО_рандомные_популяция","066_11. РО рандомные_МАСТЕР.txt","Public","Sub"
"060_11. РО рандомные_1_популяция.txt","Заполнить_РО_рандомные_популяция","analysis_master_sequences.txt","Public","Sub"
"061_11. РО рандомные_2_фильтр_3л.txt","Копировать_РО_рандомные_в_3л","066_11. РО рандомные_МАСТЕР.txt","Public","Sub"
"061_11. РО рандомные_2_фильтр_3л.txt","Копировать_РО_рандомные_в_3л","analysis_master_sequences.txt","Public","Sub"
"062_11. РО рандомные_3_рандом выборка.txt","Рандом_выборка_РО_рандомные","066_11. РО рандомные_МАСТЕР.txt","Public","Sub"
"062_11. РО рандомные_3_рандом выборка.txt","Рандом_выборка_РО_рандомные","analysis_master_sequences.txt","Public","Sub"
"063_11. РО рандомные_4_вставить_на_лист.txt","Вставить_на_лист_РО_рандомные","066_11. РО рандомные_МАСТЕР.txt","Public","Sub"
"063_11. РО рандомные_4_вставить_на_лист.txt","Вставить_на_лист_РО_рандомные","analysis_master_sequences.txt","Public","Sub"
"065_11. РО рандомные_5_синхрон_с_популяцией.txt","Отметить_РО_рандомные_К_Запросу","066_11. РО рандомные_МАСТЕР.txt","Public","Sub"
"065_11. РО рандомные_5_синхрон_с_популяцией.txt","Отметить_РО_рандомные_К_Запросу","analysis_master_sequences.txt","Public","Sub"
"066_11. РО рандомные_МАСТЕР.txt","Мастер_РО_рандомные","064_11. РО рандомные_триггер_на_настройки.txt","Public","Sub"
"072_13. ПОДФТ_1_к_запросу.txt","К_запросу_ПОДФТ","074_13. ПОДФТ_0_МАСТЕР.txt","Public","Sub"
"072_13. ПОДФТ_1_к_запросу.txt","К_запросу_ПОДФТ","analysis_master_sequences.txt","Public","Sub"
"073_13. ПОДФТ_2_синхрон.txt","Отметить_ПОДФТ_к_Запросу","074_13. ПОДФТ_0_МАСТЕР.txt","Public","Sub"
"073_13. ПОДФТ_2_синхрон.txt","Отметить_ПОДФТ_к_Запросу","analysis_master_sequences.txt","Public","Sub"
"075_Заполнение листа к запросу.txt","Заполнить_К_Запросу_Сборка","024_4. Операции без содержания_0_мастер.txt","Public","Sub"
